<TRSExtractionData>
		<Party>
			<Forename>David</Forename>
			<Surname>Smith</Surname>
			<DateOfBirth>1990-05</DateOfBirth>
			<Role>Trustee</Role>
		</Party>
		<Party>
			<Forename>John</Forename>
			<Surname>Smith</Surname>
			<DateOfBirth>1991-06</DateOfBirth>
			<Role>Trustee</Role>
		</Party>
		<Party>
			<Forename>David</Forename>
			<Surname>Smith</Surname>
			<DateOfBirth></DateOfBirth>
			<Role>Settlor</Role>
		</Party>
		<Party>
			<Forename>William</Forename>
			<Surname>Henry</Surname>
			<DateOfBirth>1992-12</DateOfBirth>
			<Role>Settlor</Role>
		</Party>
		<Party>
			<Forename>Alice</Forename>
			<Surname>Turner</Surname>
			<DateOfBirth></DateOfBirth>
			<Role>Beneficiary</Role>
		</Party>
		<Party>
			<Forename>Sandra</Forename>
			<Surname>Walker</Surname>
			<DateOfBirth>1992-12</DateOfBirth>
			<Role>Beneficiary</Role>
		</Party>
</TRSExtractionData>